"","Country","ElectrAccess","CookAccess","AgriLand","BirthRate","CO2","CompEdu","DeathRate","FoodExports","Telephone","Internet","PopGrowth","BusinessTime","AdolFertRate","Precipitation","EmployerPerc","FertRate","GDPperc","GDPdollars","Inflation","WaterStress","LifeExp","MortRate","PopPerc14","WomBusiness"
"1","Cyprus","100","100","14.33408009","10.843","5.906151058","10","6.612","23.82713145","35.57015641","84.43358252","0.849324982","6","7.142","498","2.17104105","1.32","4.41139137","29335.04688","1.435491195","28.29414981","81.382","2.3","16.0419287","91.25"
"2","Georgia","99.9","85.75","34.16606706","14.395","2.609706729","9","12.963","31.03989476","16.03382529","62.7179082","-0.039036546","2","34.66","1026","1.993203983","2.114","4.883854929","4722.042423","2.615244714","4.205602606","73.341","8.8","20.45018656","79.375"
"3","Greece","100","100","46.11086424","8.1","6.058130519","10","11.2","17.99779937","48.10124261","72.23837339","-0.202880238","12.5","8.245","652","7.61783131","1.35","1.874903163","19756.99046","0.625621413","20.47744285","81.78780488","3.7","14.35104091","97.5"
"4","Luxembourg","100","100","51.10159024","10.3","15.33152397","12","7.1","9.153297392","44.99492526","97.06129871","1.928837514","16.5","4.466","934","2.941319276","1.38","-0.714325922","116786.5117","1.528195243","4.328358209","82.29512195","2.3","16.0999189","100"
"5","Mexico","99.5","84.6","49.64942514","16.465","3.587489305","14","6.856","7.461761918","17.45536559","56.6595668","0.951668644","8.4","61.293","758","4.806196655","1.996","1.006248836","10130.3207","4.899350154","44.46268418","74.015","12.6","26.19476049","88.75"
"6","Philippines","94.18982697","45.2","42.3013717","22.445","1.28139073","13","5.631","8.657875297","3.806281022","44.1","1.700247766","34","50.112","2348","3.61884054","2.831","4.548700918","3194.672701","5.309346616","28.17420079","71.689","22.2","31.59815446","78.75"
"7","Slovenia","100","100","30.39272164","9.4","6.785737362","9","9.9","4.469705633","34.32061176","79.7499766","0.362584395","8","4.167","1162","2.534569836","1.6","4.076316305","26123.74713","1.73860862","6.497633536","81.37804878","1.9","15.13250241","90.625"
"8","Uruguay","99.8","100","81.08101931","11.605","1.910014526","14","9.863","59.69824909","33.65972754","80.72684288","0.141387932","6.5","42.587","1300","3.74573234","1.658","0.014491566","19026.04982","7.606533604","9.786096257","77.611","6.3","20.49077601","88.75"
